timeStamp,elapsed,label,responseCode,responseMessage,threadName,dataType,success,failureMessage,bytes,sentBytes,grpThreads,allThreads,URL,Latency,IdleTime,Connect
1708944532238,290,GET Single User,200,OK,Worload Config 1-1,text,true,,1178,96,1,1,https://reqres.in/api/users/2,290,0,260
1708944532738,103,GET Single User,200,OK,Worload Config 1-2,text,true,,1182,96,2,2,https://reqres.in/api/users/2,103,0,69
1708944532579,391,POST Register,201,Created,Worload Config 1-1,text,true,,901,204,2,2,https://reqres.in/api/users,391,0,0
1708944532844,394,POST Register,201,Created,Worload Config 1-2,text,true,,901,204,2,2,https://reqres.in/api/users,394,0,0
1708944533237,85,GET Single User,200,OK,Worload Config 1-3,text,true,,1178,96,1,1,https://reqres.in/api/users/2,84,0,53
1708944533322,394,POST Register,201,Created,Worload Config 1-3,text,true,,901,204,1,1,https://reqres.in/api/users,394,0,0
1708944533737,84,GET Single User,200,OK,Worload Config 1-4,text,true,,1186,96,1,1,https://reqres.in/api/users/2,84,0,52
1708944533822,384,POST Register,201,Created,Worload Config 1-4,text,true,,909,204,1,1,https://reqres.in/api/users,384,0,0
1708944534238,95,GET Single User,200,OK,Worload Config 1-5,text,true,,1178,96,1,1,https://reqres.in/api/users/2,95,0,61
1708944534334,384,POST Register,201,Created,Worload Config 1-5,text,true,,909,204,1,1,https://reqres.in/api/users,384,0,0
1708944534739,121,GET Single User,200,OK,Worload Config 1-6,text,true,,1178,96,1,1,https://reqres.in/api/users/2,121,0,84
1708944534861,384,POST Register,201,Created,Worload Config 1-6,text,true,,893,204,2,2,https://reqres.in/api/users,384,0,0
1708944535237,107,GET Single User,200,OK,Worload Config 1-7,text,true,,1186,96,1,1,https://reqres.in/api/users/2,107,0,62
1708944535345,396,POST Register,201,Created,Worload Config 1-7,text,true,,892,204,2,2,https://reqres.in/api/users,396,0,0
1708944535739,91,GET Single User,200,OK,Worload Config 1-8,text,true,,1186,96,1,1,https://reqres.in/api/users/2,91,0,61
1708944535831,380,POST Register,201,Created,Worload Config 1-8,text,true,,900,204,1,1,https://reqres.in/api/users,380,0,0
1708944536238,98,GET Single User,200,OK,Worload Config 1-9,text,true,,1186,96,1,1,https://reqres.in/api/users/2,98,0,65
1708944536337,385,POST Register,201,Created,Worload Config 1-9,text,true,,901,204,1,1,https://reqres.in/api/users,385,0,0
1708944536736,126,GET Single User,200,OK,Worload Config 1-10,text,true,,1178,96,1,1,https://reqres.in/api/users/2,126,0,54
1708944536863,394,POST Register,201,Created,Worload Config 1-10,text,true,,897,204,2,2,https://reqres.in/api/users,394,0,0
1708944537240,90,GET Single User,200,OK,Worload Config 1-11,text,true,,1182,96,1,1,https://reqres.in/api/users/2,90,0,56
1708944537330,399,POST Register,201,Created,Worload Config 1-11,text,true,,897,204,1,1,https://reqres.in/api/users,399,0,0
1708944537738,102,GET Single User,200,OK,Worload Config 1-12,text,true,,1178,96,1,1,https://reqres.in/api/users/2,102,0,62
1708944537841,394,POST Register,201,Created,Worload Config 1-12,text,true,,901,204,1,1,https://reqres.in/api/users,394,0,0
1708944538239,88,GET Single User,200,OK,Worload Config 1-13,text,true,,1178,96,1,1,https://reqres.in/api/users/2,88,0,51
1708944538327,381,POST Register,201,Created,Worload Config 1-13,text,true,,901,204,1,1,https://reqres.in/api/users,381,0,0
1708944538739,87,GET Single User,200,OK,Worload Config 1-14,text,true,,1186,96,1,1,https://reqres.in/api/users/2,87,0,52
1708944538826,394,POST Register,201,Created,Worload Config 1-14,text,true,,897,204,1,1,https://reqres.in/api/users,394,0,0
1708944539239,93,GET Single User,200,OK,Worload Config 1-15,text,true,,1182,96,1,1,https://reqres.in/api/users/2,93,0,53
1708944539333,385,POST Register,201,Created,Worload Config 1-15,text,true,,897,204,1,1,https://reqres.in/api/users,385,0,0
1708944539737,98,GET Single User,200,OK,Worload Config 1-16,text,true,,1186,96,1,1,https://reqres.in/api/users/2,98,0,56
1708944539836,387,POST Register,201,Created,Worload Config 1-16,text,true,,897,204,1,1,https://reqres.in/api/users,387,0,0
1708944540237,92,GET Single User,200,OK,Worload Config 1-17,text,true,,1178,96,1,1,https://reqres.in/api/users/2,92,0,58
1708944540330,384,POST Register,201,Created,Worload Config 1-17,text,true,,897,204,1,1,https://reqres.in/api/users,384,0,0
1708944540738,93,GET Single User,200,OK,Worload Config 1-18,text,true,,1186,96,1,1,https://reqres.in/api/users/2,92,0,61
1708944540831,386,POST Register,201,Created,Worload Config 1-18,text,true,,909,204,1,1,https://reqres.in/api/users,386,0,0
1708944541239,89,GET Single User,200,OK,Worload Config 1-19,text,true,,1186,96,1,1,https://reqres.in/api/users/2,89,0,59
1708944541329,384,POST Register,201,Created,Worload Config 1-19,text,true,,909,204,1,1,https://reqres.in/api/users,384,0,0
1708944541739,102,GET Single User,200,OK,Worload Config 1-20,text,true,,1186,96,1,1,https://reqres.in/api/users/2,101,0,67
1708944541842,398,POST Register,201,Created,Worload Config 1-20,text,true,,897,204,1,1,https://reqres.in/api/users,398,0,0
1708944542250,84,GET Single User,200,OK,Worload Config 1-21,text,true,,1178,96,1,1,https://reqres.in/api/users/2,84,0,53
1708944542334,379,POST Register,201,Created,Worload Config 1-21,text,true,,897,204,1,1,https://reqres.in/api/users,379,0,0
1708944542737,112,GET Single User,200,OK,Worload Config 1-22,text,true,,1186,96,1,1,https://reqres.in/api/users/2,112,0,67
1708944542850,389,POST Register,201,Created,Worload Config 1-22,text,true,,909,204,2,2,https://reqres.in/api/users,389,0,0
1708944543239,90,GET Single User,200,OK,Worload Config 1-23,text,true,,1182,96,1,1,https://reqres.in/api/users/2,90,0,54
1708944543330,394,POST Register,201,Created,Worload Config 1-23,text,true,,909,204,1,1,https://reqres.in/api/users,394,0,0
1708944543737,96,GET Single User,200,OK,Worload Config 1-24,text,true,,1186,96,1,1,https://reqres.in/api/users/2,96,0,54
1708944543833,384,POST Register,201,Created,Worload Config 1-24,text,true,,901,204,1,1,https://reqres.in/api/users,384,0,0
1708944544238,102,GET Single User,200,OK,Worload Config 1-25,text,true,,1186,96,1,1,https://reqres.in/api/users/2,102,0,65
1708944544341,387,POST Register,201,Created,Worload Config 1-25,text,true,,901,204,1,1,https://reqres.in/api/users,387,0,0
1708944544738,92,GET Single User,200,OK,Worload Config 1-26,text,true,,1186,96,1,1,https://reqres.in/api/users/2,92,0,55
1708944544831,388,POST Register,201,Created,Worload Config 1-26,text,true,,896,204,1,1,https://reqres.in/api/users,388,0,0
1708944545239,94,GET Single User,200,OK,Worload Config 1-27,text,true,,1186,96,1,1,https://reqres.in/api/users/2,94,0,63
1708944545334,393,POST Register,201,Created,Worload Config 1-27,text,true,,897,204,1,1,https://reqres.in/api/users,393,0,0
1708944545738,82,GET Single User,200,OK,Worload Config 1-28,text,true,,1182,96,1,1,https://reqres.in/api/users/2,82,0,53
1708944545821,383,POST Register,201,Created,Worload Config 1-28,text,true,,901,204,1,1,https://reqres.in/api/users,383,0,0
1708944546253,106,GET Single User,200,OK,Worload Config 1-29,text,true,,1185,96,1,1,https://reqres.in/api/users/2,106,0,77
1708944546359,387,POST Register,201,Created,Worload Config 1-29,text,true,,901,204,2,2,https://reqres.in/api/users,387,0,0
1708944546738,106,GET Single User,200,OK,Worload Config 1-30,text,true,,1178,96,1,1,https://reqres.in/api/users/2,106,0,66
1708944546845,385,POST Register,201,Created,Worload Config 1-30,text,true,,901,204,1,1,https://reqres.in/api/users,385,0,0
1708944547239,88,GET Single User,200,OK,Worload Config 1-31,text,true,,1186,96,1,1,https://reqres.in/api/users/2,88,0,55
1708944547328,388,POST Register,201,Created,Worload Config 1-31,text,true,,901,204,1,1,https://reqres.in/api/users,387,0,0
1708944547736,89,GET Single User,200,OK,Worload Config 1-32,text,true,,1182,96,1,1,https://reqres.in/api/users/2,89,0,52
1708944547826,384,POST Register,201,Created,Worload Config 1-32,text,true,,897,204,1,1,https://reqres.in/api/users,383,0,0
1708944548238,85,GET Single User,200,OK,Worload Config 1-33,text,true,,1178,96,1,1,https://reqres.in/api/users/2,85,0,56
1708944548324,386,POST Register,201,Created,Worload Config 1-33,text,true,,897,204,1,1,https://reqres.in/api/users,386,0,0
1708944548738,91,GET Single User,200,OK,Worload Config 1-34,text,true,,1178,96,1,1,https://reqres.in/api/users/2,91,0,57
1708944548829,395,POST Register,201,Created,Worload Config 1-34,text,true,,897,204,1,1,https://reqres.in/api/users,395,0,0
1708944549238,89,GET Single User,200,OK,Worload Config 1-35,text,true,,1186,96,1,1,https://reqres.in/api/users/2,89,0,59
1708944549327,379,POST Register,201,Created,Worload Config 1-35,text,true,,897,204,1,1,https://reqres.in/api/users,379,0,0
1708944549737,95,GET Single User,200,OK,Worload Config 1-36,text,true,,1178,96,1,1,https://reqres.in/api/users/2,95,0,63
1708944549833,381,POST Register,201,Created,Worload Config 1-36,text,true,,905,204,1,1,https://reqres.in/api/users,381,0,0
1708944550237,94,GET Single User,200,OK,Worload Config 1-37,text,true,,1182,96,1,1,https://reqres.in/api/users/2,94,0,65
1708944550332,382,POST Register,201,Created,Worload Config 1-37,text,true,,905,204,1,1,https://reqres.in/api/users,382,0,0
1708944550738,99,GET Single User,200,OK,Worload Config 1-38,text,true,,1178,96,1,1,https://reqres.in/api/users/2,99,0,69
1708944550838,396,POST Register,201,Created,Worload Config 1-38,text,true,,893,204,1,1,https://reqres.in/api/users,396,0,0
1708944551237,99,GET Single User,200,OK,Worload Config 1-39,text,true,,1186,96,1,1,https://reqres.in/api/users/2,99,0,69
1708944551337,381,POST Register,201,Created,Worload Config 1-39,text,true,,893,204,1,1,https://reqres.in/api/users,381,0,0
1708944551737,89,GET Single User,200,OK,Worload Config 1-40,text,true,,1178,96,1,1,https://reqres.in/api/users/2,89,0,54
1708944551827,384,POST Register,201,Created,Worload Config 1-40,text,true,,901,204,1,1,https://reqres.in/api/users,384,0,0
1708944552239,96,GET Single User,200,OK,Worload Config 1-41,text,true,,1182,96,1,1,https://reqres.in/api/users/2,96,0,64
1708944552336,390,POST Register,201,Created,Worload Config 1-41,text,true,,901,204,1,1,https://reqres.in/api/users,390,0,0
1708944552739,98,GET Single User,200,OK,Worload Config 1-42,text,true,,1178,96,1,1,https://reqres.in/api/users/2,98,0,66
1708944552837,383,POST Register,201,Created,Worload Config 1-42,text,true,,897,204,1,1,https://reqres.in/api/users,383,0,0
1708944553239,97,GET Single User,200,OK,Worload Config 1-43,text,true,,1186,96,1,1,https://reqres.in/api/users/2,97,0,57
1708944553337,384,POST Register,201,Created,Worload Config 1-43,text,true,,897,204,1,1,https://reqres.in/api/users,384,0,0
1708944553738,84,GET Single User,200,OK,Worload Config 1-44,text,true,,1182,96,1,1,https://reqres.in/api/users/2,84,0,53
1708944553823,381,POST Register,201,Created,Worload Config 1-44,text,true,,897,204,1,1,https://reqres.in/api/users,381,0,0
1708944554238,97,GET Single User,200,OK,Worload Config 1-45,text,true,,1186,96,1,1,https://reqres.in/api/users/2,97,0,63
1708944554336,382,POST Register,201,Created,Worload Config 1-45,text,true,,897,204,1,1,https://reqres.in/api/users,382,0,0
1708944554737,88,GET Single User,200,OK,Worload Config 1-46,text,true,,1186,96,1,1,https://reqres.in/api/users/2,88,0,51
1708944554826,396,POST Register,201,Created,Worload Config 1-46,text,true,,905,204,1,1,https://reqres.in/api/users,396,0,0
1708944555239,96,GET Single User,200,OK,Worload Config 1-47,text,true,,1186,96,1,1,https://reqres.in/api/users/2,96,0,64
1708944555336,398,POST Register,201,Created,Worload Config 1-47,text,true,,905,204,1,1,https://reqres.in/api/users,398,0,0
1708944555737,95,GET Single User,200,OK,Worload Config 1-48,text,true,,1185,96,1,1,https://reqres.in/api/users/2,95,0,62
1708944555833,427,POST Register,201,Created,Worload Config 1-48,text,true,,905,204,2,2,https://reqres.in/api/users,427,0,0
1708944556238,100,GET Single User,200,OK,Worload Config 1-49,text,true,,1178,96,1,1,https://reqres.in/api/users/2,100,0,70
1708944556338,389,POST Register,201,Created,Worload Config 1-49,text,true,,905,204,1,1,https://reqres.in/api/users,389,0,0
1708944556752,103,GET Single User,200,OK,Worload Config 1-50,text,true,,1186,96,1,1,https://reqres.in/api/users/2,103,0,65
1708944556856,386,POST Register,201,Created,Worload Config 1-50,text,true,,901,204,1,1,https://reqres.in/api/users,386,0,0
1708944557254,89,GET Single User,200,OK,Worload Config 1-51,text,true,,1182,96,1,1,https://reqres.in/api/users/2,89,0,57
1708944557344,399,POST Register,201,Created,Worload Config 1-51,text,true,,900,204,2,2,https://reqres.in/api/users,399,0,0
1708944557739,102,GET Single User,200,OK,Worload Config 1-52,text,true,,1185,96,1,1,https://reqres.in/api/users/2,102,0,62
1708944557842,383,POST Register,201,Created,Worload Config 1-52,text,true,,901,204,1,1,https://reqres.in/api/users,383,0,0
1708944558239,108,GET Single User,200,OK,Worload Config 1-53,text,true,,1186,96,1,1,https://reqres.in/api/users/2,108,0,78
1708944558348,394,POST Register,201,Created,Worload Config 1-53,text,true,,901,204,1,1,https://reqres.in/api/users,394,0,0
1708944558747,107,GET Single User,200,OK,Worload Config 1-54,text,true,,1178,96,1,1,https://reqres.in/api/users/2,106,0,73
1708944558854,384,POST Register,201,Created,Worload Config 1-54,text,true,,893,204,2,2,https://reqres.in/api/users,384,0,0
1708944559238,100,GET Single User,200,OK,Worload Config 1-55,text,true,,1182,96,1,1,https://reqres.in/api/users/2,100,0,69
1708944559339,379,POST Register,201,Created,Worload Config 1-55,text,true,,893,204,1,1,https://reqres.in/api/users,379,0,0
1708944559737,100,GET Single User,200,OK,Worload Config 1-56,text,true,,1178,96,1,1,https://reqres.in/api/users/2,100,0,65
1708944559838,382,POST Register,201,Created,Worload Config 1-56,text,true,,897,204,1,1,https://reqres.in/api/users,382,0,0
1708944560239,125,GET Single User,200,OK,Worload Config 1-57,text,true,,1186,96,1,1,https://reqres.in/api/users/2,125,0,71
1708944560364,422,POST Register,201,Created,Worload Config 1-57,text,true,,897,204,2,2,https://reqres.in/api/users,422,0,0
1708944560737,98,GET Single User,200,OK,Worload Config 1-58,text,true,,1186,96,1,1,https://reqres.in/api/users/2,98,0,59
1708944560836,390,POST Register,201,Created,Worload Config 1-58,text,true,,893,204,1,1,https://reqres.in/api/users,390,0,0
1708944561238,97,GET Single User,200,OK,Worload Config 1-59,text,true,,1178,96,1,1,https://reqres.in/api/users/2,97,0,55
1708944561335,386,POST Register,201,Created,Worload Config 1-59,text,true,,892,204,1,1,https://reqres.in/api/users,386,0,0
1708944561738,104,GET Single User,200,OK,Worload Config 1-60,text,true,,1186,96,1,1,https://reqres.in/api/users/2,104,0,69
1708944561843,389,POST Register,201,Created,Worload Config 1-60,text,true,,893,204,1,1,https://reqres.in/api/users,389,0,0
1708944562240,110,GET Single User,200,OK,Worload Config 1-61,text,true,,1185,96,1,1,https://reqres.in/api/users/2,110,0,56
1708944562351,386,POST Register,201,Created,Worload Config 1-61,text,true,,891,204,1,1,https://reqres.in/api/users,386,0,0
1708944562738,94,GET Single User,200,OK,Worload Config 1-62,text,true,,1178,96,1,1,https://reqres.in/api/users/2,94,0,61
1708944562832,381,POST Register,201,Created,Worload Config 1-62,text,true,,893,204,1,1,https://reqres.in/api/users,381,0,0
1708944563239,89,GET Single User,200,OK,Worload Config 1-63,text,true,,1178,96,1,1,https://reqres.in/api/users/2,88,0,56
1708944563329,397,POST Register,201,Created,Worload Config 1-63,text,true,,893,204,1,1,https://reqres.in/api/users,397,0,0
1708944563736,87,GET Single User,200,OK,Worload Config 1-64,text,true,,1186,96,1,1,https://reqres.in/api/users/2,87,0,53
1708944563823,397,POST Register,201,Created,Worload Config 1-64,text,true,,893,204,1,1,https://reqres.in/api/users,397,0,0
1708944564238,83,GET Single User,200,OK,Worload Config 1-65,text,true,,1185,96,1,1,https://reqres.in/api/users/2,83,0,54
1708944564322,384,POST Register,201,Created,Worload Config 1-65,text,true,,893,204,1,1,https://reqres.in/api/users,384,0,0
1708944564738,95,GET Single User,200,OK,Worload Config 1-66,text,true,,1178,96,1,1,https://reqres.in/api/users/2,95,0,54
1708944564833,382,POST Register,201,Created,Worload Config 1-66,text,true,,897,204,1,1,https://reqres.in/api/users,382,0,0
1708944565237,85,GET Single User,200,OK,Worload Config 1-67,text,true,,1178,96,1,1,https://reqres.in/api/users/2,85,0,52
1708944565322,408,POST Register,201,Created,Worload Config 1-67,text,true,,897,204,1,1,https://reqres.in/api/users,408,0,0
1708944565739,93,GET Single User,200,OK,Worload Config 1-68,text,true,,1182,96,1,1,https://reqres.in/api/users/2,93,0,58
1708944565833,595,POST Register,201,Created,Worload Config 1-68,text,true,,901,204,2,2,https://reqres.in/api/users,595,0,0
1708944566240,188,GET Single User,200,OK,Worload Config 1-69,text,true,,1186,96,2,2,https://reqres.in/api/users/2,188,0,156
1708944566428,388,POST Register,201,Created,Worload Config 1-69,text,true,,901,204,2,2,https://reqres.in/api/users,388,0,0
1708944566738,98,GET Single User,200,OK,Worload Config 1-70,text,true,,1186,96,1,1,https://reqres.in/api/users/2,98,0,67
1708944566837,391,POST Register,201,Created,Worload Config 1-70,text,true,,892,204,1,1,https://reqres.in/api/users,391,0,0
1708944567239,107,GET Single User,200,OK,Worload Config 1-71,text,true,,1186,96,1,1,https://reqres.in/api/users/2,107,0,68
1708944567347,384,POST Register,201,Created,Worload Config 1-71,text,true,,893,204,1,1,https://reqres.in/api/users,384,0,0
1708944567737,95,GET Single User,200,OK,Worload Config 1-72,text,true,,1186,96,1,1,https://reqres.in/api/users/2,95,0,57
1708944567833,397,POST Register,201,Created,Worload Config 1-72,text,true,,897,204,1,1,https://reqres.in/api/users,397,0,0
1708944568247,91,GET Single User,200,OK,Worload Config 1-73,text,true,,1178,96,1,1,https://reqres.in/api/users/2,91,0,60
1708944568339,382,POST Register,201,Created,Worload Config 1-73,text,true,,897,204,1,1,https://reqres.in/api/users,382,0,0
1708944568737,90,GET Single User,200,OK,Worload Config 1-74,text,true,,1178,96,1,1,https://reqres.in/api/users/2,90,0,58
1708944568828,383,POST Register,201,Created,Worload Config 1-74,text,true,,897,204,1,1,https://reqres.in/api/users,383,0,0
1708944569239,94,GET Single User,200,OK,Worload Config 1-75,text,true,,1178,96,1,1,https://reqres.in/api/users/2,94,0,56
1708944569334,381,POST Register,201,Created,Worload Config 1-75,text,true,,897,204,1,1,https://reqres.in/api/users,381,0,0
1708944569739,102,GET Single User,200,OK,Worload Config 1-76,text,true,,1186,96,1,1,https://reqres.in/api/users/2,102,0,65
1708944569842,397,POST Register,201,Created,Worload Config 1-76,text,true,,900,204,2,2,https://reqres.in/api/users,397,0,0
1708944570239,118,GET Single User,200,OK,Worload Config 1-77,text,true,,1186,96,1,1,https://reqres.in/api/users/2,118,0,68
1708944570357,381,POST Register,201,Created,Worload Config 1-77,text,true,,901,204,1,1,https://reqres.in/api/users,381,0,0
1708944570739,101,GET Single User,200,OK,Worload Config 1-78,text,true,,1178,96,1,1,https://reqres.in/api/users/2,101,0,61
1708944570841,393,POST Register,201,Created,Worload Config 1-78,text,true,,896,204,1,1,https://reqres.in/api/users,393,0,0
1708944571240,93,GET Single User,200,OK,Worload Config 1-79,text,true,,1186,96,1,1,https://reqres.in/api/users/2,93,0,62
1708944571334,397,POST Register,201,Created,Worload Config 1-79,text,true,,896,204,1,1,https://reqres.in/api/users,397,0,0
1708944571738,82,GET Single User,200,OK,Worload Config 1-80,text,true,,1186,96,1,1,https://reqres.in/api/users/2,82,0,52
1708944571820,383,POST Register,201,Created,Worload Config 1-80,text,true,,901,204,1,1,https://reqres.in/api/users,383,0,0
1708944572239,102,GET Single User,200,OK,Worload Config 1-81,text,true,,1186,96,1,1,https://reqres.in/api/users/2,102,0,64
1708944572341,382,POST Register,201,Created,Worload Config 1-81,text,true,,901,204,1,1,https://reqres.in/api/users,382,0,0
1708944572737,90,GET Single User,200,OK,Worload Config 1-82,text,true,,1178,96,1,1,https://reqres.in/api/users/2,90,0,60
1708944572828,385,POST Register,201,Created,Worload Config 1-82,text,true,,893,204,1,1,https://reqres.in/api/users,385,0,0
1708944573239,98,GET Single User,200,OK,Worload Config 1-83,text,true,,1178,96,1,1,https://reqres.in/api/users/2,98,0,56
1708944573338,387,POST Register,201,Created,Worload Config 1-83,text,true,,893,204,1,1,https://reqres.in/api/users,387,0,0
1708944573736,87,GET Single User,200,OK,Worload Config 1-84,text,true,,1178,96,1,1,https://reqres.in/api/users/2,87,0,55
1708944573824,395,POST Register,201,Created,Worload Config 1-84,text,true,,901,204,1,1,https://reqres.in/api/users,395,0,0
1708944574237,89,GET Single User,200,OK,Worload Config 1-85,text,true,,1186,96,1,1,https://reqres.in/api/users/2,89,0,57
1708944574327,385,POST Register,201,Created,Worload Config 1-85,text,true,,901,204,1,1,https://reqres.in/api/users,385,0,0
1708944574738,100,GET Single User,200,OK,Worload Config 1-86,text,true,,1186,96,1,1,https://reqres.in/api/users/2,100,0,66
1708944574838,379,POST Register,201,Created,Worload Config 1-86,text,true,,897,204,1,1,https://reqres.in/api/users,379,0,0
1708944575239,94,GET Single User,200,OK,Worload Config 1-87,text,true,,1178,96,1,1,https://reqres.in/api/users/2,94,0,61
1708944575334,401,POST Register,201,Created,Worload Config 1-87,text,true,,897,204,1,1,https://reqres.in/api/users,401,0,0
1708944575739,120,GET Single User,200,OK,Worload Config 1-88,text,true,,1186,96,1,1,https://reqres.in/api/users/2,120,0,75
1708944575860,418,POST Register,201,Created,Worload Config 1-88,text,true,,897,204,2,2,https://reqres.in/api/users,418,0,0
1708944576238,126,GET Single User,200,OK,Worload Config 1-89,text,true,,1186,96,1,1,https://reqres.in/api/users/2,126,0,93
1708944576365,383,POST Register,201,Created,Worload Config 1-89,text,true,,897,204,2,2,https://reqres.in/api/users,383,0,0
1708944576737,110,GET Single User,200,OK,Worload Config 1-90,text,true,,1178,96,1,1,https://reqres.in/api/users/2,110,0,51
1708944576847,385,POST Register,201,Created,Worload Config 1-90,text,true,,897,204,1,1,https://reqres.in/api/users,385,0,0
1708944577236,92,GET Single User,200,OK,Worload Config 1-91,text,true,,1186,96,1,1,https://reqres.in/api/users/2,92,0,51
1708944577328,382,POST Register,201,Created,Worload Config 1-91,text,true,,897,204,1,1,https://reqres.in/api/users,382,0,0
1708944577738,101,GET Single User,200,OK,Worload Config 1-92,text,true,,1186,96,1,1,https://reqres.in/api/users/2,101,0,65
1708944577839,383,POST Register,201,Created,Worload Config 1-92,text,true,,897,204,1,1,https://reqres.in/api/users,383,0,0
1708944578238,113,GET Single User,200,OK,Worload Config 1-93,text,true,,1178,96,1,1,https://reqres.in/api/users/2,113,0,68
1708944578351,383,POST Register,201,Created,Worload Config 1-93,text,true,,896,204,1,1,https://reqres.in/api/users,383,0,0
1708944578737,90,GET Single User,200,OK,Worload Config 1-94,text,true,,1186,96,1,1,https://reqres.in/api/users/2,90,0,54
1708944578828,398,POST Register,201,Created,Worload Config 1-94,text,true,,905,204,1,1,https://reqres.in/api/users,397,0,0
1708944579237,96,GET Single User,200,OK,Worload Config 1-95,text,true,,1186,96,1,1,https://reqres.in/api/users/2,96,0,66
1708944579333,386,POST Register,201,Created,Worload Config 1-95,text,true,,905,204,1,1,https://reqres.in/api/users,386,0,0
1708944579738,93,GET Single User,200,OK,Worload Config 1-96,text,true,,1178,96,1,1,https://reqres.in/api/users/2,93,0,63
1708944579833,381,POST Register,201,Created,Worload Config 1-96,text,true,,897,204,1,1,https://reqres.in/api/users,381,0,0
1708944580238,104,GET Single User,200,OK,Worload Config 1-97,text,true,,1186,96,1,1,https://reqres.in/api/users/2,104,0,54
1708944580343,382,POST Register,201,Created,Worload Config 1-97,text,true,,897,204,1,1,https://reqres.in/api/users,382,0,0
1708944581428,93,GET Single User,200,OK,Worload Config 1-98,text,true,,1182,96,2,2,https://reqres.in/api/users/2,93,0,56
1708944581428,109,GET Single User,200,OK,Worload Config 1-99,text,true,,1186,96,2,2,https://reqres.in/api/users/2,109,0,56
1708944581736,82,GET Single User,200,OK,Worload Config 1-100,text,true,,1186,96,3,3,https://reqres.in/api/users/2,82,0,50
1708944581522,378,POST Register,201,Created,Worload Config 1-98,text,true,,897,204,3,3,https://reqres.in/api/users,378,0,0
1708944581537,381,POST Register,201,Created,Worload Config 1-99,text,true,,897,204,2,2,https://reqres.in/api/users,381,0,0
1708944581819,382,POST Register,201,Created,Worload Config 1-100,text,true,,893,204,1,1,https://reqres.in/api/users,382,0,0
1708944582237,93,GET Single User,200,OK,Worload Config 1-101,text,true,,1182,96,1,1,https://reqres.in/api/users/2,93,0,62
1708944582331,382,POST Register,201,Created,Worload Config 1-101,text,true,,893,204,1,1,https://reqres.in/api/users,382,0,0
1708944582737,88,GET Single User,200,OK,Worload Config 1-102,text,true,,1186,96,1,1,https://reqres.in/api/users/2,88,0,54
1708944582826,380,POST Register,201,Created,Worload Config 1-102,text,true,,901,204,1,1,https://reqres.in/api/users,380,0,0
1708944583237,85,GET Single User,200,OK,Worload Config 1-103,text,true,,1178,96,1,1,https://reqres.in/api/users/2,85,0,54
1708944583323,392,POST Register,201,Created,Worload Config 1-103,text,true,,901,204,1,1,https://reqres.in/api/users,392,0,0
1708944583749,101,GET Single User,200,OK,Worload Config 1-104,text,true,,1182,96,1,1,https://reqres.in/api/users/2,101,0,61
1708944583851,386,POST Register,201,Created,Worload Config 1-104,text,true,,901,204,2,2,https://reqres.in/api/users,386,0,0
1708944584237,125,GET Single User,200,OK,Worload Config 1-105,text,true,,1182,96,1,1,https://reqres.in/api/users/2,125,0,90
1708944584362,378,POST Register,201,Created,Worload Config 1-105,text,true,,901,204,2,2,https://reqres.in/api/users,378,0,0
1708944584737,91,GET Single User,200,OK,Worload Config 1-106,text,true,,1182,96,1,1,https://reqres.in/api/users/2,91,0,57
1708944584828,400,POST Register,201,Created,Worload Config 1-106,text,true,,897,204,1,1,https://reqres.in/api/users,400,0,0
1708944585238,84,GET Single User,200,OK,Worload Config 1-107,text,true,,1178,96,1,1,https://reqres.in/api/users/2,84,0,52
1708944585323,400,POST Register,201,Created,Worload Config 1-107,text,true,,897,204,1,1,https://reqres.in/api/users,400,0,0
1708944585738,90,GET Single User,200,OK,Worload Config 1-108,text,true,,1186,96,1,1,https://reqres.in/api/users/2,90,0,59
1708944585829,396,POST Register,201,Created,Worload Config 1-108,text,true,,901,204,1,1,https://reqres.in/api/users,396,0,0
1708944586239,86,GET Single User,200,OK,Worload Config 1-109,text,true,,1182,96,1,1,https://reqres.in/api/users/2,86,0,55
1708944586325,386,POST Register,201,Created,Worload Config 1-109,text,true,,901,204,1,1,https://reqres.in/api/users,386,0,0
1708944586736,104,GET Single User,200,OK,Worload Config 1-110,text,true,,1186,96,1,1,https://reqres.in/api/users/2,104,0,54
1708944586841,383,POST Register,201,Created,Worload Config 1-110,text,true,,897,204,1,1,https://reqres.in/api/users,383,0,0
1708944587238,89,GET Single User,200,OK,Worload Config 1-111,text,true,,1178,96,1,1,https://reqres.in/api/users/2,89,0,58
1708944587327,381,POST Register,201,Created,Worload Config 1-111,text,true,,897,204,1,1,https://reqres.in/api/users,381,0,0
1708944587737,94,GET Single User,200,OK,Worload Config 1-112,text,true,,1182,96,1,1,https://reqres.in/api/users/2,94,0,62
1708944587831,398,POST Register,201,Created,Worload Config 1-112,text,true,,897,204,1,1,https://reqres.in/api/users,398,0,0
1708944588237,98,GET Single User,200,OK,Worload Config 1-113,text,true,,1186,96,1,1,https://reqres.in/api/users/2,98,0,68
1708944588336,388,POST Register,201,Created,Worload Config 1-113,text,true,,897,204,1,1,https://reqres.in/api/users,388,0,0
1708944588737,131,GET Single User,200,OK,Worload Config 1-114,text,true,,1178,96,1,1,https://reqres.in/api/users/2,131,0,90
1708944588868,388,POST Register,201,Created,Worload Config 1-114,text,true,,893,204,2,2,https://reqres.in/api/users,388,0,0
1708944589237,95,GET Single User,200,OK,Worload Config 1-115,text,true,,1178,96,1,1,https://reqres.in/api/users/2,95,0,64
1708944589332,390,POST Register,201,Created,Worload Config 1-115,text,true,,893,204,1,1,https://reqres.in/api/users,390,0,0
1708944589737,93,GET Single User,200,OK,Worload Config 1-116,text,true,,1182,96,1,1,https://reqres.in/api/users/2,93,0,54
1708944589830,391,POST Register,201,Created,Worload Config 1-116,text,true,,893,204,1,1,https://reqres.in/api/users,391,0,0
1708944590237,96,GET Single User,200,OK,Worload Config 1-117,text,true,,1182,96,1,1,https://reqres.in/api/users/2,96,0,67
1708944590334,398,POST Register,201,Created,Worload Config 1-117,text,true,,893,204,1,1,https://reqres.in/api/users,398,0,0
1708944590736,91,GET Single User,200,OK,Worload Config 1-118,text,true,,1186,96,1,1,https://reqres.in/api/users/2,91,0,60
1708944590827,384,POST Register,201,Created,Worload Config 1-118,text,true,,893,204,1,1,https://reqres.in/api/users,384,0,0
1708944591237,84,GET Single User,200,OK,Worload Config 1-119,text,true,,1186,96,1,1,https://reqres.in/api/users/2,84,0,50
1708944591322,396,POST Register,201,Created,Worload Config 1-119,text,true,,893,204,1,1,https://reqres.in/api/users,396,0,0
1708944591737,86,GET Single User,200,OK,Worload Config 1-120,text,true,,1178,96,1,1,https://reqres.in/api/users/2,86,0,54
1708944591824,404,POST Register,201,Created,Worload Config 1-120,text,true,,892,204,1,1,https://reqres.in/api/users,404,0,0
